<?xml version="1.0" encoding="UTF-8" standalone="yes"?>
<addon id="plugin.video.filmes" name="StudioshgFlix filmes" version="1.0.5" provider-name="Studioshg">
<extension point="xbmc.addon.repository" name="Studioshg Add-on Repository">
		<info compressed="false">https://raw.github.com/StudioshgBr/shgstudio_kodi/master/addons.xml</info>
		<checksum>https://raw.github.com/StudioshgBr/shgstudio_kodi/master/addons.xml.md5</checksum>
		<datadir zip="true">https://raw.github.com/StudioshgBr/shgstudio_kodi/master/repo/</datadir>
	</extension>
  <requires>
    <import addon="xbmc.python" version="2.14.0"/>
	<import addon="script.module.requests" version="2.4.3"/>
  </requires>
  <extension point="xbmc.python.pluginsource" library="main.py">
    <provides>video</provides>
  </extension>
  <extension point="xbmc.addon.metadata">
    <language>en</language>
    <platform>all</platform>
    <summary lang="en">StudioShg - Filmes</summary>
    <description lang="en">
	Visualização de Filmes teste 
	</description>
    <platform>all</platform>
 <assets>
    <icon>icon.png</icon>
    <fanart>fanart.jpg</fanart>
    <screenshot>resources\screenshot-01.jpg</screenshot>
    <screenshot>resources\screenshot-02.jpg</screenshot>
    <screenshot>resources\screenshot-03.jpg</screenshot>    
  </assets>
  <news>Updated with latest artwork metadata</news>
</extension>
</addon>
